epoch,train/box_loss,train/cls_loss,train/dfl_loss,metrics/precision(B),metrics/recall(B),metrics/mAP50(B),metrics/mAP50-95(B),val/box_loss,val/cls_loss,val/dfl_loss,lr/pg0,lr/pg1,lr/pg2
1,0.42412,0.52193,0.90698,0.95313,0.918,0.97511,0.82651,0.50839,0.69197,0.94695,0.000665333,0.000665333,0.000665333
2,0.40408,0.37529,0.89858,0.99815,0.9945,0.995,0.95882,0.29714,0.28124,0.81876,0.00129903,0.00129903,0.00129903
3,0.34752,0.31372,0.87758,0.99472,0.984,0.99451,0.97415,0.2466,0.24841,0.81549,0.00189973,0.00189973,0.00189973
4,0.31145,0.28823,0.8608,0.99163,0.986,0.99482,0.98218,0.24679,0.23157,0.81107,0.0018515,0.0018515,0.0018515
5,0.27732,0.2542,0.84973,0.92799,0.7975,0.8921,0.85396,0.32197,0.59314,0.84506,0.001802,0.001802,0.001802
6,0.2569,0.23426,0.84564,0.99641,0.998,0.995,0.99224,0.17764,0.17676,0.78485,0.0017525,0.0017525,0.0017525
7,0.23887,0.22076,0.83889,0.99988,1,0.995,0.99484,0.14553,0.14852,0.77599,0.001703,0.001703,0.001703
8,0.22258,0.20468,0.83348,1,0.99995,0.995,0.99487,0.12716,0.1408,0.77317,0.0016535,0.0016535,0.0016535
9,0.21714,0.2042,0.82889,0.99996,1,0.995,0.99455,0.13556,0.12987,0.77357,0.001604,0.001604,0.001604
10,0.212,0.19794,0.82957,1,0.99994,0.995,0.99452,0.13908,0.13883,0.77491,0.0015545,0.0015545,0.0015545
